id,title,content,user,likes,comments,date,topic,source
note_10000,自律日记第1天,今天坚持自律了4小时，收获满满！,用户_41,76,64,2024-03-07,自律,generated
note_10001,自律日记第2天,今天坚持自律了2小时，收获满满！,用户_90,159,86,2024-12-04,自律,generated
note_10002,考研日记第3天,今天坚持考研了2小时，收获满满！,用户_58,620,11,2024-11-02,考研,generated
note_10003,学习打卡日记第4天,今天坚持学习打卡了2小时，收获满满！,用户_95,971,38,2024-01-24,学习打卡,generated
note_10004,考研日记第5天,今天坚持考研了3小时，收获满满！,用户_22,275,99,2024-05-15,考研,generated
note_10005,学习打卡日记第6天,今天坚持学习打卡了5小时，收获满满！,用户_94,437,61,2024-03-24,学习打卡,generated
note_10006,考研日记第7天,今天坚持考研了2小时，收获满满！,用户_58,272,8,2024-03-16,考研,generated
note_10007,学习打卡日记第8天,今天坚持学习打卡了7小时，收获满满！,用户_32,688,15,2024-03-17,学习打卡,generated
note_10008,学习打卡日记第9天,今天坚持学习打卡了6小时，收获满满！,用户_23,875,35,2024-09-08,学习打卡,generated
note_10009,读书日记第10天,今天坚持读书了4小时，收获满满！,用户_48,603,11,2024-08-04,读书,generated
note_10010,自律日记第11天,今天坚持自律了7小时，收获满满！,用户_89,657,49,2024-12-21,自律,generated
note_10011,早起日记第12天,今天坚持早起了7小时，收获满满！,用户_72,337,82,2024-02-08,早起,generated
note_10012,读书日记第13天,今天坚持读书了2小时，收获满满！,用户_60,465,47,2024-05-07,读书,generated
note_10013,自律日记第14天,今天坚持自律了2小时，收获满满！,用户_82,714,33,2024-06-19,自律,generated
note_10014,考研日记第15天,今天坚持考研了1小时，收获满满！,用户_82,741,77,2024-07-21,考研,generated
note_10015,自律日记第16天,今天坚持自律了8小时，收获满满！,用户_9,417,13,2024-05-17,自律,generated
note_10016,学习打卡日记第17天,今天坚持学习打卡了5小时，收获满满！,用户_15,508,65,2024-01-03,学习打卡,generated
note_10017,早起日记第18天,今天坚持早起了6小时，收获满满！,用户_17,689,94,2024-07-06,早起,generated
note_10018,学习打卡日记第19天,今天坚持学习打卡了4小时，收获满满！,用户_72,250,56,2024-03-22,学习打卡,generated
note_10019,学习打卡日记第20天,今天坚持学习打卡了1小时，收获满满！,用户_92,465,94,2024-05-27,学习打卡,generated
note_10020,早起日记第21天,今天坚持早起了3小时，收获满满！,用户_26,934,96,2024-04-23,早起,generated
note_10021,早起日记第22天,今天坚持早起了6小时，收获满满！,用户_8,766,31,2024-08-24,早起,generated
note_10022,考研日记第23天,今天坚持考研了1小时，收获满满！,用户_83,311,50,2024-08-14,考研,generated
note_10023,早起日记第24天,今天坚持早起了4小时，收获满满！,用户_69,412,91,2024-07-24,早起,generated
note_10024,早起日记第25天,今天坚持早起了4小时，收获满满！,用户_10,752,68,2024-09-04,早起,generated
note_10025,读书日记第26天,今天坚持读书了3小时，收获满满！,用户_7,453,92,2024-12-01,读书,generated
note_10026,自律日记第27天,今天坚持自律了3小时，收获满满！,用户_84,878,58,2024-07-15,自律,generated
note_10027,读书日记第28天,今天坚持读书了8小时，收获满满！,用户_51,325,94,2024-07-22,读书,generated
note_10028,自律日记第29天,今天坚持自律了6小时，收获满满！,用户_59,59,7,2024-11-14,自律,generated
note_10029,早起日记第30天,今天坚持早起了2小时，收获满满！,用户_25,386,81,2024-03-13,早起,generated
note_10030,学习打卡日记第31天,今天坚持学习打卡了7小时，收获满满！,用户_67,346,63,2024-09-27,学习打卡,generated
note_10031,早起日记第32天,今天坚持早起了4小时，收获满满！,用户_97,684,19,2024-10-09,早起,generated
note_10032,自律日记第33天,今天坚持自律了8小时，收获满满！,用户_83,678,82,2024-06-28,自律,generated
note_10033,早起日记第34天,今天坚持早起了4小时，收获满满！,用户_92,608,7,2024-01-21,早起,generated
note_10034,学习打卡日记第35天,今天坚持学习打卡了7小时，收获满满！,用户_33,150,47,2024-04-25,学习打卡,generated
note_10035,学习打卡日记第36天,今天坚持学习打卡了6小时，收获满满！,用户_75,139,100,2024-04-16,学习打卡,generated
note_10036,早起日记第37天,今天坚持早起了1小时，收获满满！,用户_27,857,45,2024-07-06,早起,generated
note_10037,读书日记第38天,今天坚持读书了3小时，收获满满！,用户_69,887,80,2024-02-10,读书,generated
note_10038,考研日记第39天,今天坚持考研了5小时，收获满满！,用户_15,210,60,2024-02-25,考研,generated
note_10039,早起日记第40天,今天坚持早起了1小时，收获满满！,用户_73,262,11,2024-12-24,早起,generated
note_10040,自律日记第41天,今天坚持自律了4小时，收获满满！,用户_5,482,99,2024-11-09,自律,generated
note_10041,学习打卡日记第42天,今天坚持学习打卡了8小时，收获满满！,用户_32,576,63,2024-04-26,学习打卡,generated
note_10042,考研日记第43天,今天坚持考研了2小时，收获满满！,用户_82,212,99,2024-12-22,考研,generated
note_10043,自律日记第44天,今天坚持自律了1小时，收获满满！,用户_82,640,69,2024-10-25,自律,generated
note_10044,学习打卡日记第45天,今天坚持学习打卡了8小时，收获满满！,用户_27,713,96,2024-04-15,学习打卡,generated
note_10045,学习打卡日记第46天,今天坚持学习打卡了3小时，收获满满！,用户_69,518,76,2024-03-07,学习打卡,generated
note_10046,读书日记第47天,今天坚持读书了1小时，收获满满！,用户_7,930,72,2024-06-04,读书,generated
note_10047,早起日记第48天,今天坚持早起了3小时，收获满满！,用户_21,950,72,2024-06-11,早起,generated
note_10048,学习打卡日记第49天,今天坚持学习打卡了6小时，收获满满！,用户_82,665,74,2024-02-19,学习打卡,generated
note_10049,自律日记第50天,今天坚持自律了3小时，收获满满！,用户_32,477,63,2024-12-27,自律,generated
